Tamanho;Tempo médio;
10;0.000000;0
100;0.000000;0
1000;0.000000;0
10000;0.000000;0
100000;0.005000;5
