Tamanho;Tempo médio
10;0.000000
100;0.000000
1000;0.000000
10000;0.005000
100000;0.045000
